{
  "id": "set_max_output_pct",
  "title": {
    "en": "Set max output to…",
    "nl": "Zet max output op…"
  },
  "args": [
    {
      "name": "device",
      "type": "device",
      "title": {
        "en": "Device",
        "nl": "Apparaat"
      },
      "filter": "driver_id=solar_controller"
    },
    {
      "name": "percent",
      "type": "number",
      "title": {
        "en": "Max output (%)",
        "nl": "Max output (%)"
      },
      "min": 0,
      "max": 100,
      "step": 0.1
    }
  ],
  "titleFormatted": {
    "en": "Set max output to [[percent]] %",
    "nl": "Zet max output op [[percent]] %"
  }
}
