{
  "name": {
    "en": "Solar Controller",
    "nl": "Solar Controller"
  },
  "class": "sensor",
  "capabilities": [
    "measure_power",
    "measure_temperature",
    "sc_pwm",
    "sc_legionella_active",
    "sc_max_out_pct",
    "sc_force_heat",
    "measure_temperature.2",
    "measure_temperature.3",
    "measure_temperature.4"
  ],
  "images": {
    "small": "assets/images/small.png",
    "large": "assets/images/large.png"
  },
  "icon": "assets/icon.svg",
  "platforms": [
    "local"
  ],
  "pair": [
    {
      "id": "list",
      "template": "list_devices",
      "navigation": {
        "next": "add"
      }
    },
    {
      "id": "add",
      "template": "add_devices"
    }
  ],
  "capabilitiesOptions": {
    "measure_temperature": {
      "title": {
        "en": "Temperature",
        "nl": "Temperatuur"
      },
      "uiComponent": "sensor"
    },
    "measure_temperature.2": {
      "title": {
        "en": "Temperature 2",
        "nl": "Temperatuur 2"
      },
      "uiComponent": "sensor"
    },
    "measure_temperature.3": {
      "title": {
        "en": "Temperature 3",
        "nl": "Temperatuur 3"
      },
      "uiComponent": "sensor"
    },
    "measure_temperature.4": {
      "title": {
        "en": "Temperature 4",
        "nl": "Temperatuur 4"
      },
      "uiComponent": "sensor"
    },
    "measure_power": {
      "uiComponent": "sensor"
    }
  },
  "settings": [
    {
      "id": "host",
      "type": "text",
      "label": {
        "en": "Host",
        "nl": "Host"
      },
      "hint": {
        "en": "IP address or mDNS (e.g. 192.168.1.215 or boiler.local)",
        "nl": "IP-adres of mDNS (bijv. 192.168.1.215 of boiler.local)"
      },
      "value": ""
    },
    {
      "id": "poll_interval",
      "type": "number",
      "label": {
        "en": "Poll interval (s)",
        "nl": "Poll-interval (s)"
      },
      "hint": {
        "en": "How often Homey polls the Solar Controller (seconds)",
        "nl": "Hoe vaak Homey de Solar Controller uitleest (seconden)"
      },
      "value": 5,
      "min": 1,
      "max": 120
    },
    {
      "id": "timeout_ms",
      "type": "number",
      "label": {
        "en": "HTTP timeout (ms)",
        "nl": "HTTP timeout (ms)"
      },
      "hint": {
        "en": "Request timeout in milliseconds",
        "nl": "Time-out voor requests in milliseconden"
      },
      "value": 5000,
      "min": 1000,
      "max": 20000
    },
    {
      "id": "pwm_set_endpoint",
      "type": "text",
      "label": {
        "en": "PWM set endpoint",
        "nl": "PWM set endpoint"
      },
      "hint": {
        "en": "Optional. Path for setting PWM (e.g. /api/pwm). Leave empty for default.",
        "nl": "Optioneel. Pad om PWM te zetten (bijv. /api/pwm). Leeg laten voor default."
      },
      "value": "/api/pwm"
    }
  ]
}