{
  "id": "legionella_turned_on",
  "title": {
    "en": "Legionella turned on",
    "nl": "Legionella gaat aan"
  },
  "hint": {
    "en": "Triggers when Legionella becomes active.",
    "nl": "Trigger wanneer Legionella actief wordt."
  },
  "tokens": [
    {
      "name": "active",
      "type": "boolean",
      "title": {
        "en": "Active",
        "nl": "Actief"
      }
    },
    {
      "name": "state",
      "type": "string",
      "title": {
        "en": "State",
        "nl": "Status"
      }
    }
  ],
  "args": [
    {
      "name": "device",
      "type": "device",
      "title": {
        "en": "Device",
        "nl": "Apparaat"
      },
      "filter": "driver_id=solar_controller"
    }
  ]
}
