{
  "id": "legionella_turned_off",
  "title": {
    "en": "Legionella turned off",
    "nl": "Legionella gaat uit"
  },
  "hint": {
    "en": "Triggers when Legionella becomes inactive.",
    "nl": "Trigger wanneer Legionella stopt."
  },
  "tokens": [
    {
      "name": "active",
      "type": "boolean",
      "title": {
        "en": "Active",
        "nl": "Actief"
      }
    },
    {
      "name": "state",
      "type": "string",
      "title": {
        "en": "State",
        "nl": "Status"
      }
    }
  ]
}