{
  "id": "power_crossed_above",
  "title": {
    "en": "Power crossed above…",
    "nl": "Vermogen boven…"
  },
  "hint": {
    "en": "Triggers when power crosses above the threshold (rising).",
    "nl": "Trigger als het vermogen van onder naar boven de drempel gaat."
  },
  "args": [
    {
      "name": "device",
      "type": "device",
      "title": {
        "en": "Device",
        "nl": "Apparaat"
      },
      "filter": "driver_id=solar_controller"
    },
    {
      "name": "threshold",
      "type": "number",
      "title": {
        "en": "Threshold (W)",
        "nl": "Drempel (W)"
      },
      "min": 0,
      "max": 30000,
      "step": 10
    }
  ],
  "tokens": [
    {
      "name": "power",
      "type": "number",
      "title": {
        "en": "Power (W)",
        "nl": "Vermogen (W)"
      },
      "example": 1234
    }
  ],
  "titleFormatted": {
    "en": "Power above [[threshold]] W",
    "nl": "Vermogen boven [[threshold]] W"
  }
}
