{
  "id": "pwm_crossed_above",
  "title": {
    "en": "PWM crossed above…",
    "nl": "PWM boven…"
  },
  "hint": {
    "en": "Triggers when PWM crosses above the threshold (rising).",
    "nl": "Trigger als PWM van onder naar boven de drempel gaat."
  },
  "args": [
    {
      "name": "threshold",
      "type": "number",
      "title": {
        "en": "Threshold (%)",
        "nl": "Drempel (%)"
      },
      "min": 0,
      "max": 100,
      "step": 1
    }
  ],
  "tokens": [
    {
      "name": "pwm",
      "type": "number",
      "title": {
        "en": "PWM (%)",
        "nl": "PWM (%)"
      },
      "example": 55
    }
  ],
  "titleFormatted": {
    "en": "PWM above [[threshold]] %",
    "nl": "PWM boven [[threshold]] %"
  }
}
